[{"Unnamed: 0":null,"LAYER":"V011","COLOR":"#c2d000"},{"Unnamed: 0":null,"LAYER":"V012","COLOR":"#65cee3"},{"Unnamed: 0":null,"LAYER":"V013","COLOR":"#0000ff"},{"Unnamed: 0":null,"LAYER":"V014","COLOR":"#287508"},{"Unnamed: 0":null,"LAYER":"V015","COLOR":"#e82959"},{"Unnamed: 0":null,"LAYER":"V016","COLOR":"#e159ed"},{"Unnamed: 0":null,"LAYER":"V017","COLOR":"#818181"},{"Unnamed: 0":null,"LAYER":"V018","COLOR":"#b47f49"},{"Unnamed: 0":null,"LAYER":"V019","COLOR":"#f5e1da"},{"Unnamed: 0":null,"LAYER":"V0110","COLOR":"#48a1ff"},{"Unnamed: 0":null,"LAYER":"V021","COLOR":"#c2d000"},{"Unnamed: 0":null,"LAYER":"V022","COLOR":"#818181"},{"Unnamed: 0":null,"LAYER":"V023","COLOR":"#1f1294"},{"Unnamed: 0":null,"LAYER":"V024","COLOR":"#72d42f"},{"Unnamed: 0":null,"LAYER":"V025","COLOR":"#d5080b"},{"Unnamed: 0":null,"LAYER":"V026","COLOR":"#d982dc"},{"Unnamed: 0":null,"LAYER":"V031","COLOR":"#b69d86"},{"Unnamed: 0":null,"LAYER":"V032","COLOR":"#17c1bc"},{"Unnamed: 0":null,"LAYER":"V033","COLOR":"#487bb6"},{"Unnamed: 0":null,"LAYER":"V034","COLOR":"#96bc59"},{"Unnamed: 0":null,"LAYER":"V035","COLOR":"#e60a0d"},{"Unnamed: 0":null,"LAYER":"V036","COLOR":"#d500ff"},{"Unnamed: 0":null,"LAYER":"V037","COLOR":"#e6b826"},{"Unnamed: 0":null,"LAYER":"V039","COLOR":"#00a23e"},{"Unnamed: 0":null,"LAYER":"V041","COLOR":"#c0c84f"},{"Unnamed: 0":null,"LAYER":"V042","COLOR":"#2ad1e7"},{"Unnamed: 0":null,"LAYER":"V043","COLOR":"#0000ff"},{"Unnamed: 0":null,"LAYER":"V044","COLOR":"#b548dd"},{"Unnamed: 0":null,"LAYER":"V045","COLOR":"#e60a0d"},{"Unnamed: 0":null,"LAYER":"V046","COLOR":"#72d42f"},{"Unnamed: 0":null,"LAYER":"V047","COLOR":"#e6b826"},{"Unnamed: 0":null,"LAYER":"V048","COLOR":"#b69d86"},{"Unnamed: 0":null,"LAYER":"V049","COLOR":"#ca0020"},{"Unnamed: 0":null,"LAYER":"V0410","COLOR":"#2da8e9"},{"Unnamed: 0":null,"LAYER":"V051","COLOR":"#c0c84f"},{"Unnamed: 0":null,"LAYER":"V052","COLOR":"#8b8b8b"},{"Unnamed: 0":null,"LAYER":"V053","COLOR":"#928c8e"},{"Unnamed: 0":null,"LAYER":"V054","COLOR":"#72d42f"},{"Unnamed: 0":null,"LAYER":"V055","COLOR":"#968e90"},{"Unnamed: 0":null,"LAYER":"V061","COLOR":"#ffe601"},{"Unnamed: 0":null,"LAYER":"V062","COLOR":"#a6cee3"},{"Unnamed: 0":null,"LAYER":"V063","COLOR":"#1f1294"},{"Unnamed: 0":null,"LAYER":"V064","COLOR":"#72d42f"},{"Unnamed: 0":null,"LAYER":"V071","COLOR":"#c0c84f"},{"Unnamed: 0":null,"LAYER":"V072","COLOR":"#a6cee3"},{"Unnamed: 0":null,"LAYER":"V073","COLOR":"#1f1294"},{"Unnamed: 0":null,"LAYER":"V074","COLOR":"#ffea00"},{"Unnamed: 0":null,"LAYER":"V081","COLOR":"#c0c84f"},{"Unnamed: 0":null,"LAYER":"V082","COLOR":"#a6cee3"},{"Unnamed: 0":null,"LAYER":"V083","COLOR":"#1f1294"},{"Unnamed: 0":null,"LAYER":"V084","COLOR":"#72d42f"},{"Unnamed: 0":null,"LAYER":"V085","COLOR":"#e60a0d"},{"Unnamed: 0":null,"LAYER":"V091","COLOR":"#818181"},{"Unnamed: 0":null,"LAYER":"V092","COLOR":"#17c1bc"},{"Unnamed: 0":null,"LAYER":"V093","COLOR":"#0c07ca"},{"Unnamed: 0":null,"LAYER":"V094","COLOR":"#b2e115"},{"Unnamed: 0":null,"LAYER":"V101","COLOR":"#becf50"},{"Unnamed: 0":null,"LAYER":"V102","COLOR":"#17c1bc"},{"Unnamed: 0":null,"LAYER":"V103","COLOR":"#2797e2"},{"Unnamed: 0":null,"LAYER":"V104","COLOR":"#72d42f"},{"Unnamed: 0":null,"LAYER":"V105","COLOR":"#e60a0d"},{"Unnamed: 0":null,"LAYER":"V106","COLOR":"#818181"},{"Unnamed: 0":null,"LAYER":"V107","COLOR":"#e6b826"},{"Unnamed: 0":null,"LAYER":"V108","COLOR":"#b68458"},{"Unnamed: 0":null,"LAYER":"V109","COLOR":"#72d42f"},{"Unnamed: 0":null,"LAYER":"V116","COLOR":"#818181"},{"Unnamed: 0":null,"LAYER":"V117","COLOR":"#1f1294"},{"Unnamed: 0":null,"LAYER":"V121","COLOR":"#9b5529"},{"Unnamed: 0":null,"LAYER":"V122","COLOR":"#56cee3"},{"Unnamed: 0":null,"LAYER":"V123","COLOR":"#0000ff"},{"Unnamed: 0":null,"LAYER":"V124","COLOR":"#85b66f"},{"Unnamed: 0":null,"LAYER":"V125","COLOR":"#e60a0d"},{"Unnamed: 0":null,"LAYER":"V126","COLOR":"#c653e4"},{"Unnamed: 0":null,"LAYER":"V127","COLOR":"#e6b826"},{"Unnamed: 0":null,"LAYER":"V128","COLOR":"#b68458"},{"Unnamed: 0":null,"LAYER":"V129","COLOR":"#8d9da1"},{"Unnamed: 0":null,"LAYER":"V131","COLOR":"#b2e115"},{"Unnamed: 0":null,"LAYER":"V132","COLOR":"#a6cee3"},{"Unnamed: 0":null,"LAYER":"V133","COLOR":"#1f1294"},{"Unnamed: 0":null,"LAYER":"V134","COLOR":"#b2df8a"},{"Unnamed: 0":null,"LAYER":"V135","COLOR":"#e60a0d"},{"Unnamed: 0":null,"LAYER":"V136","COLOR":"#e6b826"},{"Unnamed: 0":null,"LAYER":"V137","COLOR":"#ffcc11"},{"Unnamed: 0":null,"LAYER":"V138","COLOR":"#c04bd7"},{"Unnamed: 0":null,"LAYER":"V141","COLOR":"#c0c84f"},{"Unnamed: 0":null,"LAYER":"V142","COLOR":"#a6cee3"},{"Unnamed: 0":null,"LAYER":"V143","COLOR":"#1f1294"},{"Unnamed: 0":null,"LAYER":"V144","COLOR":"#b2df8a"},{"Unnamed: 0":null,"LAYER":"V145","COLOR":"#e82959"},{"Unnamed: 0":null,"LAYER":"V146","COLOR":"#b56fb5"},{"Unnamed: 0":null,"LAYER":"V147","COLOR":"#cd0380"},{"Unnamed: 0":null,"LAYER":"V148","COLOR":"#c68e66"},{"Unnamed: 0":null,"LAYER":"V151","COLOR":"#eff534"},{"Unnamed: 0":null,"LAYER":"V152","COLOR":"#a6cee3"},{"Unnamed: 0":null,"LAYER":"V153","COLOR":"#1f1294"},{"Unnamed: 0":null,"LAYER":"V154","COLOR":"#b2df8a"},{"Unnamed: 0":null,"LAYER":"V155","COLOR":"#e60a0d"},{"Unnamed: 0":null,"LAYER":"V156","COLOR":"#c653e4"},{"Unnamed: 0":null,"LAYER":"V161","COLOR":"#e6b826"},{"Unnamed: 0":null,"LAYER":"V162","COLOR":"#a6cee3"},{"Unnamed: 0":null,"LAYER":"V163","COLOR":"#1f1294"},{"Unnamed: 0":null,"LAYER":"V164","COLOR":"#ff7f00"},{"Unnamed: 0":null,"LAYER":"V165","COLOR":"#e60a0d"},{"Unnamed: 0":null,"LAYER":"V166","COLOR":"#cd75d9"},{"Unnamed: 0":null,"LAYER":"V171","COLOR":"#818181"},{"Unnamed: 0":null,"LAYER":"V172","COLOR":"#818181"},{"Unnamed: 0":null,"LAYER":"V173","COLOR":"#818181"},{"Unnamed: 0":null,"LAYER":"V174","COLOR":"#b2df8a"},{"Unnamed: 0":null,"LAYER":"V175","COLOR":"#e60a0d"},{"Unnamed: 0":null,"LAYER":"V176","COLOR":"#b5b5b5"},{"Unnamed: 0":null,"LAYER":"V177","COLOR":"#e6b826"},{"Unnamed: 0":null,"LAYER":"V178","COLOR":"#b68458"},{"Unnamed: 0":null,"LAYER":"V191","COLOR":"#ffe201"},{"Unnamed: 0":null,"LAYER":"V192","COLOR":"#a6cee3"},{"Unnamed: 0":null,"LAYER":"V193","COLOR":"#1f1294"},{"Unnamed: 0":null,"LAYER":"V194","COLOR":"#b2df8a"},{"Unnamed: 0":null,"LAYER":"V195","COLOR":"#e60a0d"},{"Unnamed: 0":null,"LAYER":"V196","COLOR":"#cd75d9"},{"Unnamed: 0":null,"LAYER":"V201","COLOR":"#ffe601"},{"Unnamed: 0":null,"LAYER":"V202","COLOR":"#a6cee3"},{"Unnamed: 0":null,"LAYER":"V203","COLOR":"#1f1294"},{"Unnamed: 0":null,"LAYER":"V205","COLOR":"#e60a0d"},{"Unnamed: 0":null,"LAYER":"V206","COLOR":"#cd75d9"},{"Unnamed: 0":null,"LAYER":"V211","COLOR":"#c0c84f"},{"Unnamed: 0":null,"LAYER":"V212","COLOR":"#a6cee3"},{"Unnamed: 0":null,"LAYER":"V213","COLOR":"#1f1294"},{"Unnamed: 0":null,"LAYER":"V214","COLOR":"#b2df8a"},{"Unnamed: 0":null,"LAYER":"V215","COLOR":"#b5b5b5"},{"Unnamed: 0":null,"LAYER":"V216","COLOR":"#b5b5b5"},{"Unnamed: 0":null,"LAYER":"V221","COLOR":"#e4ff35"},{"Unnamed: 0":null,"LAYER":"V222","COLOR":"#a6cee3"},{"Unnamed: 0":null,"LAYER":"V223","COLOR":"#1f1294"},{"Unnamed: 0":null,"LAYER":"V224","COLOR":"#b2df8a"},{"Unnamed: 0":null,"LAYER":"V231","COLOR":"#b5b5b5"},{"Unnamed: 0":null,"LAYER":"V232","COLOR":"#a6cee3"},{"Unnamed: 0":null,"LAYER":"V233","COLOR":"#1f1294"},{"Unnamed: 0":null,"LAYER":"V234","COLOR":"#b2df8a"},{"Unnamed: 0":null,"LAYER":"V235","COLOR":"#e60a0d"},{"Unnamed: 0":null,"LAYER":"V236","COLOR":"#cd75d9"},{"Unnamed: 0":null,"LAYER":"V241","COLOR":"#ffe745"},{"Unnamed: 0":null,"LAYER":"V242","COLOR":"#a6cee3"},{"Unnamed: 0":null,"LAYER":"V243","COLOR":"#1f1294"},{"Unnamed: 0":null,"LAYER":"V244","COLOR":"#b2df8a"},{"Unnamed: 0":null,"LAYER":"V245","COLOR":"#e60a0d"},{"Unnamed: 0":null,"LAYER":"V246","COLOR":"#b5b5b5"},{"Unnamed: 0":null,"LAYER":"V251","COLOR":"#ff7f00"},{"Unnamed: 0":null,"LAYER":"V252","COLOR":"#3fbac5"},{"Unnamed: 0":null,"LAYER":"V253","COLOR":"#86a6f6"},{"Unnamed: 0":null,"LAYER":"V261","COLOR":"#ff7f00"},{"Unnamed: 0":null,"LAYER":"V262","COLOR":"#17c1bc"},{"Unnamed: 0":null,"LAYER":"V263","COLOR":"#a6cee3"},{"Unnamed: 0":null,"LAYER":"V264","COLOR":"#33a02c"},{"Unnamed: 0":null,"LAYER":"V265","COLOR":"#e60a0d"},{"Unnamed: 0":null,"LAYER":"V266","COLOR":"#cd75d9"},{"Unnamed: 0":null,"LAYER":"V271","COLOR":"#ffee4d"},{"Unnamed: 0":null,"LAYER":"V272","COLOR":"#a6cee3"},{"Unnamed: 0":null,"LAYER":"V273","COLOR":"#1f1294"},{"Unnamed: 0":null,"LAYER":"V274","COLOR":"#b2df8a"},{"Unnamed: 0":null,"LAYER":"V275","COLOR":"#e60a0d"},{"Unnamed: 0":null,"LAYER":"V276","COLOR":"#cd75d9"},{"Unnamed: 0":null,"LAYER":"V277","COLOR":"#e6b826"},{"Unnamed: 0":null,"LAYER":"V278","COLOR":"#c68e66"},{"Unnamed: 0":null,"LAYER":"V279","COLOR":"#33a02c"},{"Unnamed: 0":null,"LAYER":"V281","COLOR":"#c0c84f"},{"Unnamed: 0":null,"LAYER":"V282","COLOR":"#3f9bc5"},{"Unnamed: 0":null,"LAYER":"V283","COLOR":"#a6cee3"},{"Unnamed: 0":null,"LAYER":"V284","COLOR":"#33a02c"},{"Unnamed: 0":null,"LAYER":"V285","COLOR":"#e60a0d"},{"Unnamed: 0":null,"LAYER":"V286","COLOR":"#cd75d9"},{"Unnamed: 0":null,"LAYER":"V287","COLOR":"#b5b5b5"},{"Unnamed: 0":null,"LAYER":"V288","COLOR":"#9b41c8"},{"Unnamed: 0":null,"LAYER":"V291","COLOR":"#c0c84f"},{"Unnamed: 0":null,"LAYER":"V292","COLOR":"#a6cee3"},{"Unnamed: 0":null,"LAYER":"V293","COLOR":"#1f1294"},{"Unnamed: 0":null,"LAYER":"V294","COLOR":"#b2df8a"},{"Unnamed: 0":null,"LAYER":"V295","COLOR":"#e60a0d"},{"Unnamed: 0":null,"LAYER":"V296","COLOR":"#9b41c8"},{"Unnamed: 0":null,"LAYER":"V297","COLOR":"#e6b826"},{"Unnamed: 0":null,"LAYER":"V298","COLOR":"#c68e66"},{"Unnamed: 0":null,"LAYER":"V301","COLOR":"#c0c84f"},{"Unnamed: 0":null,"LAYER":"V302","COLOR":"#3f9bc5"},{"Unnamed: 0":null,"LAYER":"V303","COLOR":"#86a6f6"},{"Unnamed: 0":null,"LAYER":"V304","COLOR":"#33a02c"},{"Unnamed: 0":null,"LAYER":"V305","COLOR":"#fb9a99"},{"Unnamed: 0":null,"LAYER":"V306","COLOR":"#ff45a4"},{"Unnamed: 0":null,"LAYER":"V311","COLOR":"#ff45a4"},{"Unnamed: 0":null,"LAYER":"V312","COLOR":"#3f9bc5"},{"Unnamed: 0":null,"LAYER":"V313","COLOR":"#33a02c"},{"Unnamed: 0":null,"LAYER":"V314","COLOR":"#ff7f00"},{"Unnamed: 0":null,"LAYER":"V321","COLOR":"#c0c84f"},{"Unnamed: 0":null,"LAYER":"V322","COLOR":"#c68e66"},{"Unnamed: 0":null,"LAYER":"V331","COLOR":"#ff45a4"},{"Unnamed: 0":null,"LAYER":"V332","COLOR":"#1f1294"},{"Unnamed: 0":null,"LAYER":"V333","COLOR":"#33a02c"},{"Unnamed: 0":null,"LAYER":"V334","COLOR":"#ff7f00"},{"Unnamed: 0":null,"LAYER":"V351","COLOR":"#ff45a4"},{"Unnamed: 0":null,"LAYER":"V352","COLOR":"#1f1294"},{"Unnamed: 0":null,"LAYER":"V353","COLOR":"#33a02c"},{"Unnamed: 0":null,"LAYER":"V361","COLOR":"#ff45a4"},{"Unnamed: 0":null,"LAYER":"V362","COLOR":"#1f1294"},{"Unnamed: 0":null,"LAYER":"V421","COLOR":"#ff45a4"},{"Unnamed: 0":null,"LAYER":"V422","COLOR":"#c05031"},{"Unnamed: 0":null,"LAYER":"V423","COLOR":"#33a02c"},{"Unnamed: 0":null,"LAYER":"V424","COLOR":"#ff7f00"},{"Unnamed: 0":null,"LAYER":"V425","COLOR":"#fb9a99"}]