[{"V-number": "V141", "Items": "PM141-147"}, {"V-number": "V106", "Items": "PM132-141, PM134-132, SV106, S595, PM132-141"}, {"V-number": "V092", "Items": "PM141-143, S592, S591, PM141-143, S595, S591"}, {"V-number": "V322", "Items": "S703, S821, S822"}, {"V-number": "V353", "Items": "S --M-- 1, S816NG, S --M-- 1, S852"}, {"V-number": "V314", "Items": "S816NG, S818, S815, S816NG, sectie-open, S818, S816NG, S814NG"}, {"V-number": "V203", "Items": "S704, S-tech, S-tech, S-tech, S-tech, S-tech, S705, S-tech, S-tech, S-tech, S-tech, S-tech, S707, S708"}, {"V-number": "V045", "Items": "sectie-open, S542A, S543, S542C, S542B"}, {"V-number": "V0410", "Items": "SM049-0410, SM049-0410, SM0410-425"}, {"V-number": "V109", "Items": "sectie-open, sectie-open, sectie-overbrugd, sectie-open, sectie-open, PM133-135, sectie-open, sectie-open, sectie-overbrugd, sectie-open, sectie-open, PM133-135, PM134-132, SM431-432, S517, SV106, S606"}, {"V-number": "V361", "Items": "sectie-open, S814NG, S861"}, {"V-number": "V048", "Items": "S546B, S545A, S545B, S547, S544"}, {"V-number": "V044", "Items": "S546A, PM044-424, S546B, S546A, PM042-044"}, {"V-number": "V276", "Items": "sectie-open, sectie-open, S778B, S778A"}, {"V-number": "V277", "Items": "sectie-open, S776"}, {"V-number": "V279", "Items": "sectie-open, S777, S778A, sectie-open, S776, S778B"}, {"V-number": "V147", "Items": "S593A, S593A"}, {"V-number": "V148", "Items": "S593B, PM148-144, S593B"}, {"V-number": "V146", "Items": "S791C, S791D, PM144-146"}, {"V-number": "V292", "Items": "S792, S791B, S791A, S795, S793, S805, S791C, S792, S791D"}, {"V-number": "V116", "Items": "S616 NG, S611B, S616 NG, S611A, S618"}, {"V-number": "V117", "Items": "S617, S614, S618, S617, S614, S554, S602"}, {"V-number": "V171", "Items": "S638, S514, S671, S637"}, {"V-number": "V137", "Items": "S637, PM135-137"}, {"V-number": "V245", "Items": "S523B, S745, S523A"}, {"V-number": "V286", "Items": "S786, S785, S786, S745"}, {"V-number": "V037", "Items": "S533, S537, S531, Schakelaar wasinstallatie loods 3, S534, S533, S537, Schakelaar wasinstallatie loods 3, S534"}, {"V-number": "V107", "Items": "S605, S603, S556, S697, S608"}, {"V-number": "V055", "Items": "S601A, S554, S555, S601B"}, {"V-number": "V191", "Items": "S696, S693, S691, S692"}, {"V-number": "V288", "Items": "S682, S787, S682, S681"}, {"V-number": "V072", "Items": "S571, S573, S572"}, {"V-number": "V202", "Items": "S-put, S-put, S-put, S-put, S-put, S-put, S-put, S-put, S-put, S-put, S-put, S-put, S-put, S-put, S706, S-put, S-put, S-put, S-put, S-put, S-put, S-put, S-put, S-put, S-put, S-put, S-put, S-put, S705"}, {"V-number": "V201", "Items": "S707, S708, S-put, S706"}, {"V-number": "V165", "Items": "SM165-501, SM501-502, SM166-501, SM165-501, SM501-502"}, {"V-number": "V042", "Items": "PM042-044, PM041-042, PM041-042, S542A"}, {"V-number": "V164", "Items": "PM122-164, PM164-162"}, {"V-number": "V163", "Items": "PM163-121, PM161-163"}, {"V-number": "V423", "Items": "PM423-043, PM423-041, PM423-041, PM421-423"}, {"V-number": "V421", "Items": "PM015-421, PM421-423"}, {"V-number": "V422", "Items": "PM422-014, PM424-422"}, {"V-number": "V138", "Items": "PM138-136, S638"}, {"V-number": "V136", "Items": "PM135-136, PM138-136, PM135-136"}, {"V-number": "V134", "Items": "PM136-134, PM136-134"}, {"V-number": "V133", "Items": "PM131-133"}, {"V-number": "V131", "Items": "PM142-131, PM131-133"}, {"V-number": "V144", "Items": "PM144-142, PM144-146, PM141-147, PM148-144"}, {"V-number": "V143", "Items": "PM143-145"}, {"V-number": "V104", "Items": "PM104-105, PM102-104"}, {"V-number": "V101", "Items": "PM103-101, PM101-013"}, {"V-number": "V121", "Items": "PM124-122, PM163-121, PM124-122"}, {"V-number": "V128", "Items": "PM121-123, SV126, S624, SV125"}, {"V-number": "V012", "Items": "PM012-124, PM013-012"}, {"V-number": "V011", "Items": "PM123-011, PM011-013"}, {"V-number": "V013", "Items": "PM011-013, PM013-012, PM013-102B, PM014-102, PM101-013, PM013-102A, PM014-102, PM013-015"}, {"V-number": "V102", "Items": "PM013-102A, PM102-104, PM013-102B"}, {"V-number": "V015", "Items": "PM013-015, PM015-421"}, {"V-number": "V424", "Items": "PM424-422, PM044-424"}, {"V-number": "V103", "Items": "PM102, PM101, PM103-101, PM102, PM101, S601B"}, {"V-number": "V105", "Items": "PM104, PM103, S605, S601A, PM104-105, PM104, PM103, S603"}, {"V-number": "V235", "Items": "S735, S734"}, {"V-number": "V234", "Items": "S734, S733"}, {"V-number": "V233", "Items": "S733, S732"}, {"V-number": "V231", "Items": "S731, S540"}, {"V-number": "V046", "Items": "S541, S701, S543, SM372-373, S540, S541, SM372-373"}, {"V-number": "V206", "Items": "S702, S701"}, {"V-number": "V331", "Items": "S822, S704, S831"}, {"V-number": "V313", "Items": "S813, S812"}, {"V-number": "V352", "Items": "S852, S851"}, {"V-number": "V351", "Items": "S851, S623"}, {"V-number": "V129", "Items": "S623, SV129"}, {"V-number": "V334", "Items": "S833"}, {"V-number": "V333", "Items": "S832, S833"}, {"V-number": "V332", "Items": "S831, S832"}, {"V-number": "V049", "Items": "S542C, S547, sectie-open"}, {"V-number": "V041", "Items": "S542B"}, {"V-number": "V425", "Items": "SM0410-425, SM425-431"}, {"V-number": "V0110", "Items": "SM425-431, SM431-432"}, {"V-number": "V016", "Items": "S517, S519, S512, S511"}, {"V-number": "V126", "Items": "S516, S515, SV129, SV126"}, {"V-number": "V019", "Items": "S515, S519, S516"}, {"V-number": "V312", "Items": "S817, S812, S815"}, {"V-number": "V311", "Items": "S811, S817"}, {"V-number": "V018", "Items": "S511, S811"}, {"V-number": "V047", "Items": "S544, S582"}, {"V-number": "V085", "Items": "S581, S582"}, {"V-number": "V083", "Items": "S583, S584"}, {"V-number": "V082", "Items": "S584, S585"}, {"V-number": "V081", "Items": "S585, S772, S771, S800"}, {"V-number": "V271", "Items": "S771, S596"}, {"V-number": "V272", "Items": "S773, S772"}, {"V-number": "V273", "Items": "S774, sectie-open, sectie-open, S773"}, {"V-number": "V274", "Items": "S775, S774"}, {"V-number": "V094", "Items": "S594, S592"}, {"V-number": "V293", "Items": "S794, S793"}, {"V-number": "V304", "Items": "S800, S801"}, {"V-number": "V305", "Items": "S802, S806, S803"}, {"V-number": "V303", "Items": "S801, S802"}, {"V-number": "V306", "Items": "S807NG, S807NG, S806"}, {"V-number": "V301", "Items": "S804, S805"}, {"V-number": "V302", "Items": "S803, S804"}, {"V-number": "V295", "Items": "S796, S795"}, {"V-number": "V297", "Items": "S797, S798"}, {"V-number": "V298", "Items": "S799, S611A, S798, S799, S611B"}, {"V-number": "V108", "Items": "S602, S606"}, {"V-number": "V173", "Items": "S673, S674"}, {"V-number": "V174", "Items": "S676, S672, S675, S673, S671, S677"}, {"V-number": "V177", "Items": "S678, S676, S672"}, {"V-number": "V178", "Items": "S624, S678"}, {"V-number": "V125", "Items": "SV125, SV127, PM121-123"}, {"V-number": "V026", "Items": "S524, S522, S524, S525"}, {"V-number": "V025", "Items": "S525, S746"}, {"V-number": "V241", "Items": "S747, S744, S747, S741, S529"}, {"V-number": "V242", "Items": "S741, S746"}, {"V-number": "V022", "Items": "S529, S523A, S523B, S528"}, {"V-number": "V024", "Items": "S528, S527"}, {"V-number": "V285", "Items": "S784, S785"}, {"V-number": "V284", "Items": "S783, S784"}, {"V-number": "V283", "Items": "S782, S783"}, {"V-number": "V281", "Items": "S781, SM281-484, S788, S787"}, {"V-number": "V033", "Items": "S538, S788, S531"}, {"V-number": "V031", "Items": "S539, S538"}, {"V-number": "V032", "Items": "S532, S539, S532"}, {"V-number": "V035", "Items": "SM481-482, SM482-483, SM483-484, SM281-484, SM481-482, SM482-483, SM483-484"}, {"V-number": "V244", "Items": "S743, S742"}, {"V-number": "V021", "Items": "S526, S522"}, {"V-number": "V023", "Items": "S521, S527, S742, S526"}, {"V-number": "V175", "Items": "S679B, S679A, S677, S521, S679B, S679A"}, {"V-number": "V172", "Items": "S674, S608"}, {"V-number": "V195", "Items": "S694, S693"}, {"V-number": "V193", "Items": "S691, SV194"}, {"V-number": "V054", "Items": "S695, S553"}, {"V-number": "V052", "Items": "S553, S552B, S552A, S552A"}, {"V-number": "V053", "Items": "S551, S552B"}, {"V-number": "V152", "Items": "S651, S652"}, {"V-number": "V153", "Items": "S652, S653"}, {"V-number": "V155", "Items": "S654, S655"}, {"V-number": "V156", "Items": "S655, S766"}, {"V-number": "V074", "Items": "S681, S571"}, {"V-number": "V071", "Items": "S564, S572"}, {"V-number": "V064", "Items": "S563, S561"}, {"V-number": "V062", "Items": "S561, S562"}, {"V-number": "V061", "Items": "S562, S696"}, {"V-number": "V162", "Items": "SM162-166, PM164-162, SM162-166, SM166-501"}, {"V-number": "V161", "Items": "SM161-165, PM161-163, SM161-165"}, {"V-number": "V166", "Items": "SM502-503, SM502-503, SM503-504"}, {"V-number": "V211", "Items": "SM503-504, SM212-504B, SM212-504A"}, {"V-number": "V212", "Items": "SM212-504A, S712, SM212-504B"}, {"V-number": "V213", "Items": "S713, S712"}, {"V-number": "V214", "Items": "S714, S713"}, {"V-number": "V215", "Items": "S715, S714"}, {"V-number": "V216", "Items": "S716, S715"}, {"V-number": "V221", "Items": "S721, S716"}, {"V-number": "V223", "Items": "S722, S723"}, {"V-number": "V224", "Items": "S723"}, {"V-number": "V251", "Items": "S751"}, {"V-number": "V252", "Items": "S752, S751"}, {"V-number": "V253", "Items": "S753, S752"}, {"V-number": "V261", "Items": "S761, S753"}, {"V-number": "V262", "Items": "S762, S761"}, {"V-number": "V263", "Items": "S763, S762"}, {"V-number": "V264", "Items": "S764, S763"}, {"V-number": "V265", "Items": "S765, S764"}, {"V-number": "V266", "Items": "S766, S765"}, {"V-number": "V192", "Items": "S692, S697"}, {"V-number": "V205", "Items": "S703, S702"}, {"V-number": "V043", "Items": "S545A, PM423-043, S545B"}, {"V-number": "V278", "Items": "sectie-open, S777"}, {"V-number": "V122", "Items": "PM122-164"}, {"V-number": "V014", "Items": "PM422-014"}, {"V-number": "V135", "Items": "PM135-137"}, {"V-number": "V142", "Items": "PM142-131, PM144-142"}, {"V-number": "V145", "Items": "PM143-145"}, {"V-number": "V124", "Items": "PM012-124"}, {"V-number": "V123", "Items": "PM123-011"}, {"V-number": "V236", "Items": "S735"}, {"V-number": "V232", "Items": "S732, S731"}, {"V-number": "V321", "Items": "S821, S813"}, {"V-number": "V362", "Items": "S861"}, {"V-number": "V084", "Items": "S581, S583"}, {"V-number": "V275", "Items": "S775"}, {"V-number": "V093", "Items": "S596, S594"}, {"V-number": "V291", "Items": "S791B, S791A"}, {"V-number": "V294", "Items": "S794"}, {"V-number": "V296", "Items": "S796, S797"}, {"V-number": "V017", "Items": "S512, S514"}, {"V-number": "V127", "Items": "SV127"}, {"V-number": "V243", "Items": "S744, S743"}, {"V-number": "V282", "Items": "S782, S781"}, {"V-number": "V196", "Items": "S675, S694"}, {"V-number": "V051", "Items": "S556, S555"}, {"V-number": "V194", "Items": "SV194, S695"}, {"V-number": "V151", "Items": "S551, S651"}, {"V-number": "V154", "Items": "S653, S654"}, {"V-number": "V073", "Items": "S573"}, {"V-number": "V063", "Items": "S564, S563"}, {"V-number": "V222", "Items": "S721, S722"}]